name,value
Google Photos,5754179589
Samsung Gallery,2123105347
"PicsArt Photo Editor: Pic, Video & Collage Maker",831745347
B612 - Best Free Camera & Photo/Video Editor,693637463
BeautyPlus - Best Selfie Cam & Easy Photo Editor,415221607
"FaceApp - Face Editor, Makeover & Beauty App",386543731
Video Editor & Video Maker - InShot,380356349
Retrica - The Original Filter Camera,365497289
"Sweet Selfie Camera, Beauty & Filters Photo Editor",334920567
Camera360 - Photo Editor + Camera & Sweet selfies,333256234
