word,value
game,48
2,28
free,23
app,22
games,22
idle,17
online,16
adventure,15
puzzle,14
video,14
cooking,14
rpg,14
tap,14
learn,13
racing,13
sleep,13
heroes,13
battle,12
music,12
war,12
3d,12
strategy,11
defense,10
mobile,10
editor,10
run,10
manager,10
tracker,10
search,9
money,9
shooter,9
restaurant,9
dragon,9
food,9
tower,9
world,9
tycoon,8
find,8
budget,8
3,8
news,8
recipes,8
mystery,8
offline,7
magic,7
city,7
pvp,7
hidden,7
fitness,7
buy,7
book,7
royale,7
brain,7
travel,7
clicker,7
live,7
delivery,7
planner,7
pocket,7
legends,7
action,7
escape,7
space,7
languages,7
car,7
english,7
expense,6
cat,6
maker,6
sell,6
real,6
fight,6
training,6
stories,6
arena,6
relax,6
kitchen,6
survival,6
shopping,6
hero,6
puzzles,6
simulator,6
meditation,6
fps,6
soccer,5
sniper,5
workout,5
merge,5
play,5
empire,5
stars,5
hotels,5
job,5
zombie,5
bike,5
star,5
notes,5
friends,5
tv,5
dash,5
match,5
home,5
counter,5
diary,5
word,5
running,5
maps,5
gun,5
learning,4
faraway,4
step,4
shadow,4
calorie,4
photo,4
build,4
coloring,4
lite,4
meditate,4
code,4
life,4
saga,4
fantasy,4
td,4
hello,4
castle,4
draw,4
dead,4
chat,4
visual,4
animal,4
ball,4
messenger,4
sports,4
fire,4
town,4
deals,4
evolution,4
zombies,4
clash,4
love,4
save,4
podcast,4
2021,4
kingdom,4
sky,4
card,4
talking,4
hunter,4
art,4
inc,3
forest,3
fashion,3
spanish,3
gas,3
match3,3
light,3
webtoon,3
fighting,3
speed,3
cookie,3
factory,3
hiking,3
scanner,3
pokémon,3
baseball,3
hotel,3
super,3
journal,3
yoga,3
daily,3
wars,3
berita,3
cats,3
disney,3
frozen,3
great,3
bus,3
story,3
go,3
cheap,3
grocery,3
language,3
dating,3
touch,3
gunship,3
last,3
오브,3
plants,3
guitar,3
asphalt,3
objects,3
creative,3
management,3
weather,3
collage,3
soul,3
dragons,3
rentals,3
rental,3
cash,3
audiobooks,3
moon,3
pro,3
battles,3
finance,3
business,3
birds,3
angry,3
top,3
tasty,3
titans,3
block,3
design,3
journey,3
track,3
dream,3
beat,3
galaxy,3
novel,3
cards,3
cross,3
9,3
forecast,3
radar,3
time,3
adobe,3
park,3
ninja,3
habit,3
list,3
diet,3
movies,3
marvel,3
z,3
asana,2
vs,2
mmorpg,2
white,2
tactical,2
golf,2
urban,2
altos,2
cafe,2
taxi,2
payment,2
couples,2
adult,2
shooting,2
destruction,2
ways,2
age,2
knights,2
shelter,2
fun,2
multiplayer,2
comprar,2
builder,2
pizza,2
pdf,2
matching,2
pes,2
courses,2
apartments,2
dots,2
reviews,2
vocabulary,2
flashcards,2
bowling,2
cycling,2
king,2
cases,2
hungry,2
trail,2
better,2
eden,2
bad,2
edition,2
mars,2
secret,2
fever,2
bt21,2
epic,2
plan,2
league,2
8,2
linkedin,2
dig,2
warriors,2
5v5,2
fuel,2
rival,2
day,2
boku,2
seven,2
todo,2
jobs,2
opera,2
photoshop,2
tom,2
object,2
brave,2
sounds,2
parking,2
tennis,2
naver,2
read,2
apartment,2
house,2
picsart,2
combat,2
local,2
dice,2
potter,2
harry,2
explore,2
building,2
craft,2
terbaru,2
pedometer,2
grow,2
homes,2
craze,2
anywhere,2
property,2
calculator,2
personal,2
pop,2
calendar,2
empires,2
challenges,2
words,2
navigation,2
endless,2
phantom,2
color,2
stay,2
final,2
calm,2
gif,2
vacation,2
brawl,2
hindi,2
abyssrium,2
fish,2
scores,2
football,2
bistro,2
marketplace,2
harmony,2
study,2
lost,2
letgo,2
zen,2
easy,2
speak,2
darkness,2
pixel,2
30,2
모바일,2
walking,2
animation,2
dumb,2
drag,2
books,2
superstars,2
isle,2
organize,2
mood,2
android,2
services,2
nearby,2
coupons,2
rewards,2
savings,2
back,2
garden,2
korean,2
crash,2
french,2
tour,2
mario,2
paint,2
dog,2
sketchbook,2
sins,2
rts,2
room,2
rent,2
estate,2
rampage,2
ebooks,2
pubg,2
stream,2
one,2
nonogram,2
scan,2
skills,2
drift,2
days,2
simons,2
horse,2
reigns,2
makeover,2
truck,2
chef,2
gps,2
alien,2
club,2
camp,2
fishing,2
bridge,2
wild,2
edm,2
rush,2
sale,2
screen,2
player,2
recorder,2
flights,2
little,2
grand,2
biking,2
mountain,2
sumi,2
calls,2
classic,2
kitty,2
pet,2
solitaire,2
라루나,1
eventbrite,1
senia,1
eternal,1
판타지,1
incolor,1
tool,1
hydrangea,1
actiondirector,1
blitz,1
discover,1
popular,1
warships,1
boxing,1
memorado,1
editing,1
mow,1
rain,1
검볼앤던전gd,1
말란,1
voez,1
fuzzy,1
rr,1
stick,1
밤새지,1
seasons,1
baby,1
junes,1
injustice,1
noise,1
skillshare,1
joox,1
classes,1
mekorama,1
social,1
platform,1
runday,1
triller,1
pt,1
coach,1
freeletics,1
라지엘,1
directions,1
croisés,1
mots,1
マネーフォワード,1
dragnboom,1
stranger,1
일기장,1
원고지,1
transportation,1
하루,1
백자,1
drivvo,1
bodyweight,1
守護宿命星光,1
ted,1
citymapper,1
minutes,1
blazblue,1
events,1
icカードリーダー,1
fallout,1
attack,1
onmyoji,1
gravity,1
finder,1
zumper,1
애니팡4,1
balance,1
extreme,1
rider,1
말이야,1
prison,1
almost,1
愛料理,1
runeterra,1
kicker,1
investigation,1
sync,1
take,1
notebook,1
美食自己做,1
seekers,1
fabulous,1
witchspring3,1
trainers,1
team,1
dietitians,1
good,1
라그나로크,1
택틱스,1
hearts,1
flash,1
crime,1
medicine,1
ukulele,1
yousician,1
fishingstrike,1
avabel,1
unroll,1
museum,1
captain,1
valley,1
stardew,1
食在方便,1
找美食餐廳,1
heat,1
tsubasa,1
innocent,1
hospital,1
tapped,1
simpsons,1
unique,1
vocab,1
moba,1
kahoot,1
neuronation,1
kenshō,1
jump,1
hub,1
programming,1
quizlet,1
청소도우미,1
elevate,1
mine,1
miner,1
hunt,1
catchers,1
meme,1
generator,1
drops,1
guide,1
national,1
talion,1
가사도우미,1
1위,1
motivation,1
force,1
평점,1
홈마스터,1
shape,1
get,1
reloaded,1
rebel,1
keyboard,1
sticker,1
turbo,1
giphy,1
xv,1
goods,1
magikarp,1
handmade,1
shows,1
share,1
papago,1
location,1
annonces,1
petites,1
leboncoin,1
planmeditation,1
drama,1
translator,1
cruise,1
asian,1
underworld,1
viki,1
killer,1
13th,1
friday,1
ai,1
neko,1
custom,1
風色童話,1
expressphoto,1
piece,1
walkr,1
토스,1
bunny,1
yeah,1
noon,1
fifa,1
atsume,1
carpooling,1
trigger,1
gallery,1
glympse,1
treasure,1
blablacar,1
collector,1
terkini,1
office,1
indonesia,1
ganabhajan,1
kingdoms,1
indian,1
rise,1
raid,1
kings,1
소녀전선,1
thriller,1
脱出ゲーム,1
cnn,1
なめこの,1
arabiaweather,1
mp3,1
なめよん,1
meditese,1
adults,1
koi,1
crusade,1
prices,1
comparator,1
songstamil,1
island,1
tropical,1
candy,1
crush,1
tropicats,1
efootball,1
virus,1
ares,1
auto,1
simple,1
話題の漫画が盛りだくさん無料で全話を読めるオリジナル連載マンガも,1
ガンマ,1
ganma,1
champions,1
contest,1
parole,1
croce,1
alert,1
빠르게,1
retailmenot,1
grammar,1
codes,1
improve,1
modern,1
anyone,1
anything,1
singing,1
beatmaker,1
쉽고,1
취업도,1
사람인,1
filter,1
blue,1
hay,1
twilight,1
spotangels,1
garage,1
bankin,1
banking,1
udemy,1
etsy,1
lumosity,1
milkchoco,1
meow,1
atelier,1
香港即時焦點,1
cookies,1
新聞,1
log,1
yahoo,1
die,1
minute,1
7,1
tangerine,1
trello,1
kinedu,1
widget,1
karrot,1
即時重要資訊議題懶人卡,1
tanks,1
yahoo奇摩新聞,1
데이트팝,1
community,1
selling,1
buying,1
fortune,1
5,1
sea,1
pirate,1
shark,1
lot,1
realtime,1
세탁특공대,1
today,1
knots,1
lifesum,1
milestones,1
class,1
chess,1
esports,1
song,1
trillトリル,1
jam,1
powerdirector,1
developmental,1
activities,1
sim,1
rally,1
女性のファッションヘアメイク占い恋愛美容,1
btfit,1
xtreme,1
trainer,1
macro,1
bass,1
easily,1
r,1
pool,1
듀티,1
새로,1
콜,1
그리다,1
포털서비스,1
구인구직,1
알바,1
알바천국,1
catch,1
strava,1
logo,1
animator,1
graphic,1
canva,1
info,1
disaster,1
nhk,1
chronicles,1
이동을,1
lose,1
weight,1
그린카,1
romancing,1
reuniverse,1
polarsteps,1
heads,1
skywiki,1
station,1
astronomy,1
zarya1,1
glance,1
renovation,1
각성,1
survivalquest,1
prince,1
poly,1
hamster,1
loss,1
열렙전사,1
future,1
ーシノアリスー,1
sinoalice,1
ardaudiothek,1
gold,1
hank,1
text,1
steel,1
rising,1
alicization,1
sword,1
html,1
python,1
javascript,1
coding,1
mimo,1
オトナ女子向けライフスタイル情報アプリ,1
locariロカリ,1
doctor,1
coursera,1
rises,1
naukricom,1
weatherbug,1
skyscanner,1
map,1
watcha,1
snow,1
way,1
meal,1
sidechef,1
fairytale,1
para,1
preços,1
comparar,1
zoom,1
pay,1
yahooカーナビ,1
gasbuddy,1
無料ナビ渋滞情報も地図も自動更新,1
sherlock,1
lover,1
earth,1
停車大聲公,1
swimming,1
lightroom,1
vainglory,1
tactics,1
hogwarts,1
practice,1
slime,1
stone,1
rosetta,1
４０レベルで初心者から高段者まで楽しめる無料の高機能将棋アプリ,1
mobfish,1
badminton,1
meteorfall,1
hotelscom,1
ぴよ将棋,1
zalora,1
leisure,1
klook,1
ticktick,1
pacer,1
bill,1
swiftscan,1
document,1
언더월드,1
핵전쟁,1
honestbee,1
stretch,1
qapital,1
remodel,1
houzz,1
hwahae,1
concentrationraincalmpiano,1
aide,1
brothers,1
primitive,1
analyzing,1
amazing,1
hoteltonight,1
게임,1
생존,1
이후,1
cosmetics,1
recharge,1
transfer,1
upi,1
queen,1
csr,1
salaries,1
company,1
glassdoor,1
paris,1
hostelworld,1
hostels,1
backpacking,1
bubble,1
witch,1
dailyhotel,1
아크엔젤,1
domain,1
뮤,1
seek,1
journeys,1
spendee,1
pixlr,1
cookpad,1
reminder,1
tripeaks,1
goodreads,1
paytm,1
michaels,1
vsco,1
slomo,1
effect,1
mobills,1
finances,1
jillian,1
fighters,1
allstar,1
babbel,1
mandala,1
township,1
create,1
포잉,1
poing,1
camera,1
鉅亨財經新聞,1
healing,1
odyssey,1
customize,1
adventures,1
그림자,1
feedly,1
smarter,1
빛의,1
reader,1
xd,1
pk,1
yahooカレンダー,1
bookingcom,1
legend,1
風之國度,1
쇼핑앱,1
맘대로,1
내,1
지그재그,1
1v1,1
make,1
bendy,1
nightmare,1
バイトアプリバイト探しはタウンワーク,1
uncharted,1
order,1
swiggy,1
짐데이리즈,1
트레이너,1
나만의,1
relaxing,1
킹덤즈,1
라이즈,1
oceans,1
artflow,1
navigate,1
fruit,1
anchor,1
google,1
street,1
뱅크샐러드,1
중고거래,1
잇는,1
취향을,1
검은사막,1
dance,1
blade,1
emergency,1
패션브랜드,1
moominvalley,1
welcome,1
모음,1
moomin,1
conquest,1
hellotalk,1
troops,1
redfin,1
seeker,1
たたかえドリームチーム,1
キャプテン翼,1
vr,1
aquarium,1
alchemist,1
mindsweeper,1
solgard,1
스타일닷컴,1
번개장터,1
myfitnesspal,1
jurassic,1
monster,1
clothes,1
thredup,1
背包地圖背包客棧旅遊景點地圖,1
dinosaur,1
archero,1
trendy,1
omnia,1
dissidia,1
安心購物,1
刊登免費,1
wort,1
kreuz,1
yahoo奇摩拍賣,1
lifull,1
dev,1
novels,1
grandma,1
이야기,1
만드는,1
maybe메이비내가,1
breathing,1
meditopia,1
サモンズボード,1
equipment,1
korea,1
private,1
無料スケジュールアプリで管理,1
price香港格價網,1
21,1
joy,1
wattpad,1
innings,1
mlb,1
kfood,1
foodiest,1
ideas,1
onenote,1
advance,1
videogame,1
inkitt,1
女人迷日報,1
맛집검색,1
빅데이터,1
다이닝코드,1
counterattack,1
dates,1
village,1
arctic,1
okcupid,1
snapchat,1
party,1
band,1
girls,1
bang,1
microsoft,1
guardians,1
eternium,1
sketch,1
write,1
cookoff,1
植物花の名前が判る写真共有アプリ,1
digical,1
recipe,1
hue,1
wallet,1
murder,1
banditos,1
alps,1
papercolor,1
anytime,1
podcasts,1
kkbox,1
official,1
kittens,1
exploding,1
megapolis,1
kinemaster,1
greensnap,1
krusty,1
aliexpress,1
spongebob,1
crack,1
trivia,1
valor,1
アイドルマスター,1
シンデレラガールズ,1
challenge,1
wannabe,1
dragonsky,1
animals,1
cute,1
スターライトステージ,1
zillow,1
greed,1
summoners,1
houses,1
girl,1
agenda,1
moto,1
komoot,1
crop,1
6v6,1
knight,1
clans,1
horror,1
1980s,1
slayaway,1
viewer,1
eclipse,1
lunescope,1
robots,1
dc,1
work,1
toram,1
whatsapp,1
hotstar,1
hunting,1
huntsport,1
revolt,1
royal,1
kritika,1
superheroes,1
kinggodcastle,1
offroad,1
challenging,1
dynamic,1
lanota,1
slidey,1
commander,1
nova,1
bills,1
honeydue,1
hill,1
armed,1
mmx,1
outlaws,1
pirates,1
colorfil,1
messages,1
crunch,1
tps,1
heist,1
fast,1
alarm,1
never,1
id,1
evoland,1
glam,1
チェインシナリオ王道バトルrpg,1
チェインクロニクル,1
im,1
skype,1
rescue,1
indeed,1
caller,1
cartoon,1
whoscall,1
florence,1
arashi,1
아레나,1
afk,1
대죄,1
개의,1
일곱,1
flipaclip,1
creator,1
smart,1
creed,1
cycle,1
breaking,1
bundle,1
marshals,1
dokkan,1
fishdom,1
mobizen,1
rebellion,1
assassins,1
studio,1
furistas,1
basketball,1
nba,1
project,1
jungle,1
legacy,1
rangers,1
power,1
クックパッド,1
みんなが作ってる料理のレシピでご飯をおいしく簡単に,1
요일,1
우리의식탁,1
simply,1
tasokare,1
roupa,1
vender,1
e,1
enjoei,1
스타일하다,1
요리를,1
ubike,1
joytunes,1
metro,1
train,1
monefy,1
サマリーポケットトランクルーム要らずの収納アプリ,1
realm,1
sigmar,1
warhammer,1
universe,1
piano,1
hunters,1
yoil,1
oxenfree,1
megogo,1
scarlet,1
rose,1
weekly,1
flipp,1
everything,1
classifieds,1
gumtree,1
rearise,1
terragenesis,1
digimon,1
drives,1
clue,1
gym,1
trails,1
alltrails,1
camscanner,1
settlers,1
bts,1
子供の写真や動画を整理共有,1
wellnote,1
fisherman,1
紫青雙劍,1
booking,1
ojek,1
gojek,1
three,1
construct,1
mind,1
egg,1
relationships,1
家族アルバム,1
hinge,1
warfare,1
total,1
의류,1
쇼핑,1
브랜드,1
스타일,1
패션,1
telegram,1
geocaching,1
플레이윙즈_매일이,1
여행,1
地震津波豪雨など災害情報をいち早くお届け,1
防災速報,1
children,1
hitman,1
strange,1
feebee,1
購物拍賣比價找便宜必備小幫手,1
飛比價格,1
pilot,1
flight,1
albion,1
mirrors,1
tools,1
yummly,1
大人気リズムゲーム,1
ラブライブスクールアイドルフェスティバルスクフェス,1
dday,1
ends,1
singularity,1
plantix,1
blackout,1
2018,1
deer,1
ancient,1
4,1
safety,1
locator,1
family,1
life360,1
crossword,1
제네시스,1
codycross,1
crossing,1
atlantis,1
castbox,1
kobo,1
cricheroes,1
score,1
scoring,1
가디스,1
sololearn,1
vlc,1
puzzledom,1
dan,1
tsuki,1
nation,1
nitro,1
biz,1
people,1
wantedly,1
headspace,1
豬來了全球最in社交遊戲,1
youcam,1
eyes,1
bmx,1
mad,1
toy,1
80,1
cam,1
selfie,1
makeup,1
cricket,1
11,1
cell,1
アニメドラマ映画オリジナルのテレビ番組が視聴できる動画アプリ,1
오늘의집,1
kayak,1
traverse,1
パズルゲーム,1
パズルぷよっと楽しい,1
簡単操作で大連鎖爽快,1
ぷよぷよクエスト,1
dawn,1
abemaアベマ,1
인테리어,1
elune,1
netflix,1
framed,1
mondly,1
33,1
wordbrain,1
cyber,1
hexonia,1
no1,1
필수앱,1
mushroom,1
boruto,1
ibotta,1
ro仙境傳說守護永恆的愛,1
cars,1
us,1
among,1
랑그릿사,1
kart,1
voltage,1
x,1
umiro,1
naruto,1
kit,1
starter,1
laytons,1
pinterest,1
old,1
princess,1
upon,1
man,1
platformer,1
majesty,1
iron,1
series,1
iflix,1
concerts,1
bandsintown,1
rpgゲーム,1
美少女,1
オルタナティブガールズ2vr対応,1
marines,1
tricks,1
nap,1
puppr,1
yogurt,1
español,1
en,1
mindfulness,1
meditación,1
intimind,1
컴투스프로야구2021,1
pzizz,1
focus,1
peak,1
libby,1
يوميا,1
عقلك,1
درب,1
شعلة,1
takeover,1
bacterial,1
angela,1
overdrive,1
レシピ動画で料理を楽しく簡単に,1
sygic,1
kitchenデリッシュキッチン,1
delish,1
byjus,1
puhutv,1
時空を超える猫,1
アナザーエデン,1
instagram,1
trip,1
terrarium,1
warzone,1
crossfire,1
need,1
hop,1
tiles,1
lords,1
portal,1
constructor,1
couchsurfing,1
cifra,1
limits,1
depression,1
yelp,1
anxiety,1
sanvello,1
emilys,1
battlelands,1
triple,1
길잡이,1
바른연애,1
피카,1
stickman,1
db,1
typeshift,1
orbia,1
daylio,1
child,1
wardestiny,1
slack,1
fantastic,1
safari,1
garena,1
dungeonsgd,1
gumballs,1
rumble,1
tank,1
brands,1
ebay,1
arcade,1
omlet,1
quest,1
survivors,1
cartoons,1
mapsme,1
guides,1
勉強記録学習管理アプリ,1
rabbit,1
공간,1
만나는,1
작가를,1
글과,1
좋은,1
브런치,1
ww2,1
studyplusスタディプラス,1
penguins,1
knowledge,1
knappily,1
kami,1
kartrider,1
something,1
revolution,1
lineage,1
singles,1
pingo,1
sdorica,1
jaumo,1
연봉정보,1
master,1
tandem,1
rooster,1
detention,1
thrones,1
unchained,1
immoscout24,1
homescapes,1
무료,1
pechka,1
맞춤채용,1
경력,1
신입,1
취업,1
잡코리아,1
emblem,1
duolingo,1
bay,1
flirt,1
hotpads,1
baikoh,1
rusty,1
jewel,1
gems,1
genies,1
kaleidoscope,1
sacred,1
lfe,1
roots,1
lake,1
skiing,1
skylanders,1
viewranger,1
kebab,1
mylife,1
buildit,1
simcity,1
vintage,1
streetwear,1
depop,1
gem,1
ring,1
two,1
record,1
bluecoins,1
배달앱,1
맛집,1
없는,1
기다림,1
배달요기요,1
zomato,1
snoring,1
snorelab,1
mania,1
ゲーム感覚で英語の学習入試やtoeicの対策も,1
mikan,1
英単語アプリ,1
crew,1
chronicle,1
gp,1
riptide,1
touchretouch,1
native,1
speaker,1
chais,1
jpテレビ,1
goat,1
blog,1
journi,1
tacticool,1
otherworld,1
college,1
summer,1
巴哈姆特動畫瘋,1
expenses,1
apparel,1
mint,1
2d,1
zombsroyaleio,1
담다,1
혜택을,1
뷰티,1
즐거운,1
언니의파우치,1
sneakers,1
fury,1
aplikasi,1
transitions,1
skyview,1
10k,1
bird,1
mix,1
café,1
pixiv,1
deemo,1
effects,1
funimate,1
république,1
다락방,1
비내리는,1
takeaway,1
deliveroo,1
classup,1
inaturalist,1
polo,1
marco,1
lyrics,1
musixmatch,1
deadly,1
driver,1
f1,1
souls,1
bleach,1
target,1
melodies,1
stations,1
radio,1
tunein,1
kakao,1
reminders,1
mystic,1
co,1
라플라스m,1
courier,1
table,1
anak,1
permainan,1
parenting,1
mindbody,1
detikcom,1
terlengkap,1
pearls,1
tasks,1
todoist,1
temple,1
networking,1
eats,1
uber,1
mangoplate,1
sudoku,1
sudokucom,1
adidas,1
tabs,1
chords,1
ultimate,1
agoda,1
gardenscapes,1
scribd,1
peril,1
카카오뱅크,1
ccg,1
shadowverse,1
returner,1
aba,1
birdcage,1
focused,1
automotive,1
carousell,1
mining,1
deep,1
77,1
overdox,1
mans,1
whispers,1
rocket,1
opus,1
recolor,1
sims,1
spells,1
ii,1
cytus,1
知識王live,1
land,1
subway,1
number,1
cube,1
bonza,1
drawing,1
tickets,1
event,1
seats,1
vivid,1
death,1
abs,1
frag,1
pack,1
six,1
links,1
duel,1
yugioh,1
foodpia,1
satellite,1
windycom,1
streaming,1
nimo,1
viutv,1
random,1
colornote,1
18,1
farming,1
timer,1
insight,1
big,1
shopkick,1
receipt,1
thief,1
cantare,1
蒼之紀元,1
fall,1
ulala,1
revenge,1
road,1
fastlane,1
organizer,1
evernote,1
notepad,1
global,1
lara,1
croft,1
differences,1
detective,1
yonggu,1
merchant,1
miracle,1
baca,1
kurio,1
saviors,1
turnbased,1
boom,1
guns,1
plant,1
lifestyle,1
latest,1
flipboard,1
espn,1
choices,1
paradox,1
surfers,1
beyond,1
pioneer,1
starve,1
dont,1
tomorrow,1
worlds,1
futurama,1
料理をレシピ動画で簡単に,1
クラシル,1
hd,1
hearthstone,1
genshin,1
creeps,1
uno,1
pic,1
japanese,1
busuu,1
등,1
강의영어일본어,1
동영상,1
프렌즈타운,1
impact,1
used,1
blackjack,1
another,1
collectible,1
throwdown,1
cafeland,1
extinction,1
forever,1
tamagotchi,1
board,1
battlejack,1
palabras,1
stats,1
onefootball,1
mode,1
joyride,1
jetpack,1
人気名作マンガが毎日読める漫画アプリ,1
マンガほっと,1
cruz,1
단어장,1
말해주는,1
암기고래,1
results,1
trinity,1
라그나로크m,1
india,1
ndtv,1
dogs,1
lazy,1
pole,1
scoop,1
sportsru,1
dragonscapes,1
knighthood,1
offerup,1
breath,1
prana,1
theme,1
rollercoaster,1
warfriends,1
stuff,1
badland,1
bare,1
bears,1
repairs,1
drive,1
penguin,1
zoo,1
freeforall,1
zooba,1
minecraft,1
リユニオン王国ストラテジーrpg,1
オブ,1
クリスタル,1
head,1
高速公路即時影像車速路況,1
國道路況即時通,1
experiences,1
airbnb,1
rope,1
cut,1
ramboat,1
renegade,1
